"filename", "language", "TypeScript", "JSON", "HTML", "PostCSS", "SCSS", "JSON with Comments", "JavaScript", "Markdown", "comment", "blank", "total"
"/home/nikola/Podaci/projekat-rwa/LinguaChat/linguachat-frontend/README.md", "Markdown", 0, 0, 0, 0, 0, 0, 0, 14, 0, 14, 28
"/home/nikola/Podaci/projekat-rwa/LinguaChat/linguachat-frontend/angular.backup.json", "JSON", 0, 105, 0, 0, 0, 0, 0, 0, 0, 1, 106
"/home/nikola/Podaci/projekat-rwa/LinguaChat/linguachat-frontend/angular.json", "JSON", 0, 105, 0, 0, 0, 0, 0, 0, 0, 1, 106
"/home/nikola/Podaci/projekat-rwa/LinguaChat/linguachat-frontend/config.json", "JSON", 0, 0, 0, 0, 0, 0, 0, 0, 0, 1, 1
"/home/nikola/Podaci/projekat-rwa/LinguaChat/linguachat-frontend/package-lock.json", "JSON", 0, 15362, 0, 0, 0, 0, 0, 0, 0, 1, 15363
"/home/nikola/Podaci/projekat-rwa/LinguaChat/linguachat-frontend/package.json", "JSON", 0, 51, 0, 0, 0, 0, 0, 0, 0, 1, 52
"/home/nikola/Podaci/projekat-rwa/LinguaChat/linguachat-frontend/src/app/app-routing.module.ts", "TypeScript", 52, 0, 0, 0, 0, 0, 0, 0, 0, 3, 55
"/home/nikola/Podaci/projekat-rwa/LinguaChat/linguachat-frontend/src/app/app.component.html", "HTML", 0, 0, 1, 0, 0, 0, 0, 0, 0, 0, 1
"/home/nikola/Podaci/projekat-rwa/LinguaChat/linguachat-frontend/src/app/app.component.spec.ts", "TypeScript", 25, 0, 0, 0, 0, 0, 0, 0, 0, 5, 30
"/home/nikola/Podaci/projekat-rwa/LinguaChat/linguachat-frontend/src/app/app.component.ts", "TypeScript", 9, 0, 0, 0, 0, 0, 0, 0, 0, 2, 11
"/home/nikola/Podaci/projekat-rwa/LinguaChat/linguachat-frontend/src/app/app.module.ts", "TypeScript", 62, 0, 0, 0, 0, 0, 0, 0, 0, 2, 64
"/home/nikola/Podaci/projekat-rwa/LinguaChat/linguachat-frontend/src/assets/data/flags-nicknames.json", "JSON", 0, 196, 0, 0, 0, 0, 0, 0, 0, 2, 198
"/home/nikola/Podaci/projekat-rwa/LinguaChat/linguachat-frontend/src/custom-theme.scss", "SCSS", 0, 0, 0, 0, 29, 0, 0, 0, 15, 14, 58
"/home/nikola/Podaci/projekat-rwa/LinguaChat/linguachat-frontend/src/environments/environment.production.ts", "TypeScript", 3, 0, 0, 0, 0, 0, 0, 0, 0, 0, 3
"/home/nikola/Podaci/projekat-rwa/LinguaChat/linguachat-frontend/src/environments/environment.ts", "TypeScript", 5, 0, 0, 0, 0, 0, 0, 0, 0, 1, 6
"/home/nikola/Podaci/projekat-rwa/LinguaChat/linguachat-frontend/src/index.html", "HTML", 0, 0, 16, 0, 0, 0, 0, 0, 0, 1, 17
"/home/nikola/Podaci/projekat-rwa/LinguaChat/linguachat-frontend/src/interceptors/auth.interceptor.spec.ts", "TypeScript", 13, 0, 0, 0, 0, 0, 0, 0, 0, 4, 17
"/home/nikola/Podaci/projekat-rwa/LinguaChat/linguachat-frontend/src/interceptors/auth.interceptor.ts", "TypeScript", 61, 0, 0, 0, 0, 0, 0, 0, 0, 10, 71
"/home/nikola/Podaci/projekat-rwa/LinguaChat/linguachat-frontend/src/main.ts", "TypeScript", 4, 0, 0, 0, 0, 0, 0, 0, 0, 4, 8
"/home/nikola/Podaci/projekat-rwa/LinguaChat/linguachat-frontend/src/models/comment.types.ts", "TypeScript", 53, 0, 0, 0, 0, 0, 0, 0, 1, 10, 64
"/home/nikola/Podaci/projekat-rwa/LinguaChat/linguachat-frontend/src/models/connection.types.ts", "TypeScript", 48, 0, 0, 0, 0, 0, 0, 0, 0, 10, 58
"/home/nikola/Podaci/projekat-rwa/LinguaChat/linguachat-frontend/src/models/language.types.ts", "TypeScript", 30, 0, 0, 0, 0, 0, 0, 0, 9, 8, 47
"/home/nikola/Podaci/projekat-rwa/LinguaChat/linguachat-frontend/src/models/message.types.ts", "TypeScript", 6, 0, 0, 0, 0, 0, 0, 0, 0, 0, 6
"/home/nikola/Podaci/projekat-rwa/LinguaChat/linguachat-frontend/src/models/models.type.ts", "TypeScript", 23, 0, 0, 0, 0, 0, 0, 0, 1, 5, 29
"/home/nikola/Podaci/projekat-rwa/LinguaChat/linguachat-frontend/src/models/post.types.ts", "TypeScript", 126, 0, 0, 0, 0, 0, 0, 0, 1, 13, 140
"/home/nikola/Podaci/projekat-rwa/LinguaChat/linguachat-frontend/src/models/user.types.ts", "TypeScript", 189, 0, 0, 0, 0, 0, 0, 0, 1, 26, 216
"/home/nikola/Podaci/projekat-rwa/LinguaChat/linguachat-frontend/src/models/utility.types.ts", "TypeScript", 3, 0, 0, 0, 0, 0, 0, 0, 0, 0, 3
"/home/nikola/Podaci/projekat-rwa/LinguaChat/linguachat-frontend/src/modules/chat/chat-box/chat-box.component.html", "HTML", 0, 0, 59, 0, 0, 0, 0, 0, 0, 2, 61
"/home/nikola/Podaci/projekat-rwa/LinguaChat/linguachat-frontend/src/modules/chat/chat-box/chat-box.component.observables.ts", "TypeScript", 146, 0, 0, 0, 0, 0, 0, 0, 2, 24, 172
"/home/nikola/Podaci/projekat-rwa/LinguaChat/linguachat-frontend/src/modules/chat/chat-box/chat-box.component.spec.ts", "TypeScript", 17, 0, 0, 0, 0, 0, 0, 0, 0, 5, 22
"/home/nikola/Podaci/projekat-rwa/LinguaChat/linguachat-frontend/src/modules/chat/chat-box/chat-box.component.ts", "TypeScript", 63, 0, 0, 0, 0, 0, 0, 0, 0, 9, 72
"/home/nikola/Podaci/projekat-rwa/LinguaChat/linguachat-frontend/src/modules/chat/chat-list-item/chat-list-item.component.html", "HTML", 0, 0, 30, 0, 0, 0, 0, 0, 0, 2, 32
"/home/nikola/Podaci/projekat-rwa/LinguaChat/linguachat-frontend/src/modules/chat/chat-list-item/chat-list-item.component.spec.ts", "TypeScript", 17, 0, 0, 0, 0, 0, 0, 0, 0, 5, 22
"/home/nikola/Podaci/projekat-rwa/LinguaChat/linguachat-frontend/src/modules/chat/chat-list-item/chat-list-item.component.ts", "TypeScript", 79, 0, 0, 0, 0, 0, 0, 0, 0, 12, 91
"/home/nikola/Podaci/projekat-rwa/LinguaChat/linguachat-frontend/src/modules/chat/chat-list/chat-list.component.html", "HTML", 0, 0, 20, 0, 0, 0, 0, 0, 0, 3, 23
"/home/nikola/Podaci/projekat-rwa/LinguaChat/linguachat-frontend/src/modules/chat/chat-list/chat-list.component.spec.ts", "TypeScript", 17, 0, 0, 0, 0, 0, 0, 0, 0, 5, 22
"/home/nikola/Podaci/projekat-rwa/LinguaChat/linguachat-frontend/src/modules/chat/chat-list/chat-list.component.ts", "TypeScript", 31, 0, 0, 0, 0, 0, 0, 0, 1, 8, 40
"/home/nikola/Podaci/projekat-rwa/LinguaChat/linguachat-frontend/src/modules/chat/chat.module.ts", "TypeScript", 45, 0, 0, 0, 0, 0, 0, 0, 0, 3, 48
"/home/nikola/Podaci/projekat-rwa/LinguaChat/linguachat-frontend/src/modules/chat/chat.utils.ts", "TypeScript", 12, 0, 0, 0, 0, 0, 0, 0, 0, 4, 16
"/home/nikola/Podaci/projekat-rwa/LinguaChat/linguachat-frontend/src/modules/chat/chat/chat.component.html", "HTML", 0, 0, 6, 0, 0, 0, 0, 0, 0, 0, 6
"/home/nikola/Podaci/projekat-rwa/LinguaChat/linguachat-frontend/src/modules/chat/chat/chat.component.spec.ts", "TypeScript", 17, 0, 0, 0, 0, 0, 0, 0, 0, 5, 22
"/home/nikola/Podaci/projekat-rwa/LinguaChat/linguachat-frontend/src/modules/chat/chat/chat.component.ts", "TypeScript", 105, 0, 0, 0, 0, 0, 0, 0, 3, 15, 123
"/home/nikola/Podaci/projekat-rwa/LinguaChat/linguachat-frontend/src/modules/chat/message-list/message-list.component.html", "HTML", 0, 0, 8, 0, 0, 0, 0, 0, 0, 1, 9
"/home/nikola/Podaci/projekat-rwa/LinguaChat/linguachat-frontend/src/modules/chat/message-list/message-list.component.spec.ts", "TypeScript", 17, 0, 0, 0, 0, 0, 0, 0, 0, 5, 22
"/home/nikola/Podaci/projekat-rwa/LinguaChat/linguachat-frontend/src/modules/chat/message-list/message-list.component.ts", "TypeScript", 107, 0, 0, 0, 0, 0, 0, 0, 3, 14, 124
"/home/nikola/Podaci/projekat-rwa/LinguaChat/linguachat-frontend/src/modules/chat/my-message/my-message.component.html", "HTML", 0, 0, 7, 0, 0, 0, 0, 0, 0, 1, 8
"/home/nikola/Podaci/projekat-rwa/LinguaChat/linguachat-frontend/src/modules/chat/my-message/my-message.component.spec.ts", "TypeScript", 17, 0, 0, 0, 0, 0, 0, 0, 0, 5, 22
"/home/nikola/Podaci/projekat-rwa/LinguaChat/linguachat-frontend/src/modules/chat/my-message/my-message.component.ts", "TypeScript", 10, 0, 0, 0, 0, 0, 0, 0, 0, 2, 12
"/home/nikola/Podaci/projekat-rwa/LinguaChat/linguachat-frontend/src/modules/chat/not-my-message/not-my-message.component.html", "HTML", 0, 0, 7, 0, 0, 0, 0, 0, 0, 1, 8
"/home/nikola/Podaci/projekat-rwa/LinguaChat/linguachat-frontend/src/modules/chat/not-my-message/not-my-message.component.spec.ts", "TypeScript", 17, 0, 0, 0, 0, 0, 0, 0, 0, 5, 22
"/home/nikola/Podaci/projekat-rwa/LinguaChat/linguachat-frontend/src/modules/chat/not-my-message/not-my-message.component.ts", "TypeScript", 10, 0, 0, 0, 0, 0, 0, 0, 0, 2, 12
"/home/nikola/Podaci/projekat-rwa/LinguaChat/linguachat-frontend/src/modules/feed/feed-filters/feed-filters.component.html", "HTML", 0, 0, 0, 0, 0, 0, 0, 0, 44, 0, 44
"/home/nikola/Podaci/projekat-rwa/LinguaChat/linguachat-frontend/src/modules/feed/feed-filters/feed-filters.component.spec.ts", "TypeScript", 17, 0, 0, 0, 0, 0, 0, 0, 0, 5, 22
"/home/nikola/Podaci/projekat-rwa/LinguaChat/linguachat-frontend/src/modules/feed/feed-filters/feed-filters.component.ts", "TypeScript", 24, 0, 0, 0, 0, 0, 0, 0, 0, 5, 29
"/home/nikola/Podaci/projekat-rwa/LinguaChat/linguachat-frontend/src/modules/feed/feed.module.ts", "TypeScript", 45, 0, 0, 0, 0, 0, 0, 0, 0, 2, 47
"/home/nikola/Podaci/projekat-rwa/LinguaChat/linguachat-frontend/src/modules/feed/feed/feed.component.html", "HTML", 0, 0, 7, 0, 0, 0, 0, 0, 0, 1, 8
"/home/nikola/Podaci/projekat-rwa/LinguaChat/linguachat-frontend/src/modules/feed/feed/feed.component.spec.ts", "TypeScript", 17, 0, 0, 0, 0, 0, 0, 0, 0, 5, 22
"/home/nikola/Podaci/projekat-rwa/LinguaChat/linguachat-frontend/src/modules/feed/feed/feed.component.ts", "TypeScript", 23, 0, 0, 0, 0, 0, 0, 0, 0, 3, 26
"/home/nikola/Podaci/projekat-rwa/LinguaChat/linguachat-frontend/src/modules/feed/posts/posts.component.html", "HTML", 0, 0, 24, 0, 0, 0, 0, 0, 0, 2, 26
"/home/nikola/Podaci/projekat-rwa/LinguaChat/linguachat-frontend/src/modules/feed/posts/posts.component.spec.ts", "TypeScript", 17, 0, 0, 0, 0, 0, 0, 0, 0, 5, 22
"/home/nikola/Podaci/projekat-rwa/LinguaChat/linguachat-frontend/src/modules/feed/posts/posts.component.ts", "TypeScript", 33, 0, 0, 0, 0, 0, 0, 0, 0, 6, 39
"/home/nikola/Podaci/projekat-rwa/LinguaChat/linguachat-frontend/src/modules/login/login-form/login-form.module.ts", "TypeScript", 21, 0, 0, 0, 0, 0, 0, 0, 0, 2, 23
"/home/nikola/Podaci/projekat-rwa/LinguaChat/linguachat-frontend/src/modules/login/login-form/login-form/login-form.component.html", "HTML", 0, 0, 20, 0, 0, 0, 0, 0, 0, 0, 20
"/home/nikola/Podaci/projekat-rwa/LinguaChat/linguachat-frontend/src/modules/login/login-form/login-form/login-form.component.spec.ts", "TypeScript", 17, 0, 0, 0, 0, 0, 0, 0, 0, 5, 22
"/home/nikola/Podaci/projekat-rwa/LinguaChat/linguachat-frontend/src/modules/login/login-form/login-form/login-form.component.ts", "TypeScript", 45, 0, 0, 0, 0, 0, 0, 0, 25, 6, 76
"/home/nikola/Podaci/projekat-rwa/LinguaChat/linguachat-frontend/src/modules/login/login.module.ts", "TypeScript", 16, 0, 0, 0, 0, 0, 0, 0, 0, 4, 20
"/home/nikola/Podaci/projekat-rwa/LinguaChat/linguachat-frontend/src/modules/login/login/login.component.html", "HTML", 0, 0, 4, 0, 0, 0, 0, 0, 0, 1, 5
"/home/nikola/Podaci/projekat-rwa/LinguaChat/linguachat-frontend/src/modules/login/login/login.component.spec.ts", "TypeScript", 17, 0, 0, 0, 0, 0, 0, 0, 0, 5, 22
"/home/nikola/Podaci/projekat-rwa/LinguaChat/linguachat-frontend/src/modules/login/login/login.component.ts", "TypeScript", 14, 0, 0, 0, 0, 0, 0, 0, 0, 2, 16
"/home/nikola/Podaci/projekat-rwa/LinguaChat/linguachat-frontend/src/modules/profile-search/filtered-profiles/filtered-profiles.component.html", "HTML", 0, 0, 64, 0, 0, 0, 0, 0, 8, 7, 79
"/home/nikola/Podaci/projekat-rwa/LinguaChat/linguachat-frontend/src/modules/profile-search/filtered-profiles/filtered-profiles.component.spec.ts", "TypeScript", 17, 0, 0, 0, 0, 0, 0, 0, 0, 5, 22
"/home/nikola/Podaci/projekat-rwa/LinguaChat/linguachat-frontend/src/modules/profile-search/filtered-profiles/filtered-profiles.component.ts", "TypeScript", 75, 0, 0, 0, 0, 0, 0, 0, 1, 12, 88
"/home/nikola/Podaci/projekat-rwa/LinguaChat/linguachat-frontend/src/modules/profile-search/filtered-profiles/filtered-profiles.observers.component.ts", "TypeScript", 83, 0, 0, 0, 0, 0, 0, 0, 1, 11, 95
"/home/nikola/Podaci/projekat-rwa/LinguaChat/linguachat-frontend/src/modules/profile-search/filters/filters.component.html", "HTML", 0, 0, 37, 0, 0, 0, 0, 0, 0, 1, 38
"/home/nikola/Podaci/projekat-rwa/LinguaChat/linguachat-frontend/src/modules/profile-search/filters/filters.component.spec.ts", "TypeScript", 17, 0, 0, 0, 0, 0, 0, 0, 0, 5, 22
"/home/nikola/Podaci/projekat-rwa/LinguaChat/linguachat-frontend/src/modules/profile-search/filters/filters.component.ts", "TypeScript", 90, 0, 0, 0, 0, 0, 0, 0, 0, 10, 100
"/home/nikola/Podaci/projekat-rwa/LinguaChat/linguachat-frontend/src/modules/profile-search/profile-search-body/profile-search-body.component.html", "HTML", 0, 0, 7, 0, 0, 0, 0, 0, 0, 1, 8
"/home/nikola/Podaci/projekat-rwa/LinguaChat/linguachat-frontend/src/modules/profile-search/profile-search-body/profile-search-body.component.spec.ts", "TypeScript", 17, 0, 0, 0, 0, 0, 0, 0, 0, 5, 22
"/home/nikola/Podaci/projekat-rwa/LinguaChat/linguachat-frontend/src/modules/profile-search/profile-search-body/profile-search-body.component.ts", "TypeScript", 8, 0, 0, 0, 0, 0, 0, 0, 0, 3, 11
"/home/nikola/Podaci/projekat-rwa/LinguaChat/linguachat-frontend/src/modules/profile-search/profile-search.module.ts", "TypeScript", 44, 0, 0, 0, 0, 0, 0, 0, 0, 2, 46
"/home/nikola/Podaci/projekat-rwa/LinguaChat/linguachat-frontend/src/modules/profile-search/profile-search/profile-search.component.html", "HTML", 0, 0, 5, 0, 0, 0, 0, 0, 0, 1, 6
"/home/nikola/Podaci/projekat-rwa/LinguaChat/linguachat-frontend/src/modules/profile-search/profile-search/profile-search.component.spec.ts", "TypeScript", 17, 0, 0, 0, 0, 0, 0, 0, 0, 5, 22
"/home/nikola/Podaci/projekat-rwa/LinguaChat/linguachat-frontend/src/modules/profile-search/profile-search/profile-search.component.ts", "TypeScript", 20, 0, 0, 0, 0, 0, 0, 0, 0, 4, 24
"/home/nikola/Podaci/projekat-rwa/LinguaChat/linguachat-frontend/src/modules/profile/myprofile/myprofile-barleft/myprofile-barleft-item/myprofile-barleft-item.component.html", "HTML", 0, 0, 7, 0, 0, 0, 0, 0, 0, 0, 7
"/home/nikola/Podaci/projekat-rwa/LinguaChat/linguachat-frontend/src/modules/profile/myprofile/myprofile-barleft/myprofile-barleft-item/myprofile-barleft-item.component.spec.ts", "TypeScript", 17, 0, 0, 0, 0, 0, 0, 0, 0, 5, 22
"/home/nikola/Podaci/projekat-rwa/LinguaChat/linguachat-frontend/src/modules/profile/myprofile/myprofile-barleft/myprofile-barleft-item/myprofile-barleft-item.component.ts", "TypeScript", 27, 0, 0, 0, 0, 0, 0, 0, 0, 4, 31
"/home/nikola/Podaci/projekat-rwa/LinguaChat/linguachat-frontend/src/modules/profile/myprofile/myprofile-barleft/myprofile-barleft.module.ts", "TypeScript", 22, 0, 0, 0, 0, 0, 0, 0, 0, 2, 24
"/home/nikola/Podaci/projekat-rwa/LinguaChat/linguachat-frontend/src/modules/profile/myprofile/myprofile-barleft/myprofile-barleft/myprofile-barleft.component.html", "HTML", 0, 0, 15, 0, 0, 0, 0, 0, 0, 1, 16
"/home/nikola/Podaci/projekat-rwa/LinguaChat/linguachat-frontend/src/modules/profile/myprofile/myprofile-barleft/myprofile-barleft/myprofile-barleft.component.spec.ts", "TypeScript", 17, 0, 0, 0, 0, 0, 0, 0, 0, 5, 22
"/home/nikola/Podaci/projekat-rwa/LinguaChat/linguachat-frontend/src/modules/profile/myprofile/myprofile-barleft/myprofile-barleft/myprofile-barleft.component.ts", "TypeScript", 66, 0, 0, 0, 0, 0, 0, 0, 1, 10, 77
"/home/nikola/Podaci/projekat-rwa/LinguaChat/linguachat-frontend/src/modules/profile/myprofile/myprofile-body/myprofile-blocked-users-dialog/myprofile-blocked-users-dialog.component.html", "HTML", 0, 0, 22, 0, 0, 0, 0, 0, 0, 3, 25
"/home/nikola/Podaci/projekat-rwa/LinguaChat/linguachat-frontend/src/modules/profile/myprofile/myprofile-body/myprofile-blocked-users-dialog/myprofile-blocked-users-dialog.component.spec.ts", "TypeScript", 17, 0, 0, 0, 0, 0, 0, 0, 0, 5, 22
"/home/nikola/Podaci/projekat-rwa/LinguaChat/linguachat-frontend/src/modules/profile/myprofile/myprofile-body/myprofile-blocked-users-dialog/myprofile-blocked-users-dialog.component.ts", "TypeScript", 70, 0, 0, 0, 0, 0, 0, 0, 0, 11, 81
"/home/nikola/Podaci/projekat-rwa/LinguaChat/linguachat-frontend/src/modules/profile/myprofile/myprofile-body/myprofile-blocked-users/myprofile-blocked-users.component.html", "HTML", 0, 0, 11, 0, 0, 0, 0, 0, 0, 0, 11
"/home/nikola/Podaci/projekat-rwa/LinguaChat/linguachat-frontend/src/modules/profile/myprofile/myprofile-body/myprofile-blocked-users/myprofile-blocked-users.component.spec.ts", "TypeScript", 17, 0, 0, 0, 0, 0, 0, 0, 0, 5, 22
"/home/nikola/Podaci/projekat-rwa/LinguaChat/linguachat-frontend/src/modules/profile/myprofile/myprofile-body/myprofile-blocked-users/myprofile-blocked-users.component.ts", "TypeScript", 17, 0, 0, 0, 0, 0, 0, 0, 0, 3, 20
"/home/nikola/Podaci/projekat-rwa/LinguaChat/linguachat-frontend/src/modules/profile/myprofile/myprofile-body/myprofile-body.module.ts", "TypeScript", 56, 0, 0, 0, 0, 0, 0, 0, 0, 3, 59
"/home/nikola/Podaci/projekat-rwa/LinguaChat/linguachat-frontend/src/modules/profile/myprofile/myprofile-body/myprofile-body/myprofile-body.component.html", "HTML", 0, 0, 4, 0, 0, 0, 0, 0, 0, 0, 4
"/home/nikola/Podaci/projekat-rwa/LinguaChat/linguachat-frontend/src/modules/profile/myprofile/myprofile-body/myprofile-body/myprofile-body.component.spec.ts", "TypeScript", 17, 0, 0, 0, 0, 0, 0, 0, 0, 5, 22
"/home/nikola/Podaci/projekat-rwa/LinguaChat/linguachat-frontend/src/modules/profile/myprofile/myprofile-body/myprofile-body/myprofile-body.component.ts", "TypeScript", 8, 0, 0, 0, 0, 0, 0, 0, 0, 3, 11
"/home/nikola/Podaci/projekat-rwa/LinguaChat/linguachat-frontend/src/modules/profile/myprofile/myprofile-body/myprofile-content/myprofile-content.component.html", "HTML", 0, 0, 26, 0, 0, 0, 0, 0, 0, 0, 26
"/home/nikola/Podaci/projekat-rwa/LinguaChat/linguachat-frontend/src/modules/profile/myprofile/myprofile-body/myprofile-content/myprofile-content.component.spec.ts", "TypeScript", 17, 0, 0, 0, 0, 0, 0, 0, 0, 5, 22
"/home/nikola/Podaci/projekat-rwa/LinguaChat/linguachat-frontend/src/modules/profile/myprofile/myprofile-body/myprofile-content/myprofile-content.component.ts", "TypeScript", 19, 0, 0, 0, 0, 0, 0, 0, 0, 4, 23
"/home/nikola/Podaci/projekat-rwa/LinguaChat/linguachat-frontend/src/modules/profile/myprofile/myprofile-body/myprofile-tab-languages/myprofile-tab-languages.module.ts", "TypeScript", 56, 0, 0, 0, 0, 0, 0, 0, 0, 2, 58
"/home/nikola/Podaci/projekat-rwa/LinguaChat/linguachat-frontend/src/modules/profile/myprofile/myprofile-body/myprofile-tab-languages/myprofile-tab-languages/myprofile-tab-languages.component.html", "HTML", 0, 0, 10, 0, 0, 0, 0, 0, 0, 0, 10
"/home/nikola/Podaci/projekat-rwa/LinguaChat/linguachat-frontend/src/modules/profile/myprofile/myprofile-body/myprofile-tab-languages/myprofile-tab-languages/myprofile-tab-languages.component.spec.ts", "TypeScript", 17, 0, 0, 0, 0, 0, 0, 0, 0, 5, 22
"/home/nikola/Podaci/projekat-rwa/LinguaChat/linguachat-frontend/src/modules/profile/myprofile/myprofile-body/myprofile-tab-languages/myprofile-tab-languages/myprofile-tab-languages.component.ts", "TypeScript", 8, 0, 0, 0, 0, 0, 0, 0, 0, 3, 11
"/home/nikola/Podaci/projekat-rwa/LinguaChat/linguachat-frontend/src/modules/profile/myprofile/myprofile-body/myprofile-tab-languages/myprofile-tab-learning-languages-add-dialog/myprofile-tab-learning-languages-add-dialog.component.html", "HTML", 0, 0, 37, 0, 0, 0, 0, 0, 0, 3, 40
"/home/nikola/Podaci/projekat-rwa/LinguaChat/linguachat-frontend/src/modules/profile/myprofile/myprofile-body/myprofile-tab-languages/myprofile-tab-learning-languages-add-dialog/myprofile-tab-learning-languages-add-dialog.component.spec.ts", "TypeScript", 17, 0, 0, 0, 0, 0, 0, 0, 0, 5, 22
"/home/nikola/Podaci/projekat-rwa/LinguaChat/linguachat-frontend/src/modules/profile/myprofile/myprofile-body/myprofile-tab-languages/myprofile-tab-learning-languages-add-dialog/myprofile-tab-learning-languages-add-dialog.component.ts", "TypeScript", 87, 0, 0, 0, 0, 0, 0, 0, 0, 12, 99
"/home/nikola/Podaci/projekat-rwa/LinguaChat/linguachat-frontend/src/modules/profile/myprofile/myprofile-body/myprofile-tab-languages/myprofile-tab-learning-languages/myprofile-tab-learning-languages.component.html", "HTML", 0, 0, 44, 0, 0, 0, 0, 0, 6, 6, 56
"/home/nikola/Podaci/projekat-rwa/LinguaChat/linguachat-frontend/src/modules/profile/myprofile/myprofile-body/myprofile-tab-languages/myprofile-tab-learning-languages/myprofile-tab-learning-languages.component.spec.ts", "TypeScript", 17, 0, 0, 0, 0, 0, 0, 0, 0, 5, 22
"/home/nikola/Podaci/projekat-rwa/LinguaChat/linguachat-frontend/src/modules/profile/myprofile/myprofile-body/myprofile-tab-languages/myprofile-tab-learning-languages/myprofile-tab-learning-languages.component.ts", "TypeScript", 69, 0, 0, 0, 0, 0, 0, 0, 0, 10, 79
"/home/nikola/Podaci/projekat-rwa/LinguaChat/linguachat-frontend/src/modules/profile/myprofile/myprofile-body/myprofile-tab-languages/myprofile-tab-native-languages-add-dialog/myprofile-tab-native-languages-add-dialog.component.html", "HTML", 0, 0, 23, 0, 0, 0, 0, 0, 0, 2, 25
"/home/nikola/Podaci/projekat-rwa/LinguaChat/linguachat-frontend/src/modules/profile/myprofile/myprofile-body/myprofile-tab-languages/myprofile-tab-native-languages-add-dialog/myprofile-tab-native-languages-add-dialog.component.spec.ts", "TypeScript", 17, 0, 0, 0, 0, 0, 0, 0, 0, 5, 22
"/home/nikola/Podaci/projekat-rwa/LinguaChat/linguachat-frontend/src/modules/profile/myprofile/myprofile-body/myprofile-tab-languages/myprofile-tab-native-languages-add-dialog/myprofile-tab-native-languages-add-dialog.component.ts", "TypeScript", 82, 0, 0, 0, 0, 0, 0, 0, 0, 13, 95
"/home/nikola/Podaci/projekat-rwa/LinguaChat/linguachat-frontend/src/modules/profile/myprofile/myprofile-body/myprofile-tab-languages/myprofile-tab-native-languages/myprofile-tab-native-languages.component.html", "HTML", 0, 0, 40, 0, 0, 0, 0, 0, 5, 5, 50
"/home/nikola/Podaci/projekat-rwa/LinguaChat/linguachat-frontend/src/modules/profile/myprofile/myprofile-body/myprofile-tab-languages/myprofile-tab-native-languages/myprofile-tab-native-languages.component.spec.ts", "TypeScript", 17, 0, 0, 0, 0, 0, 0, 0, 0, 5, 22
"/home/nikola/Podaci/projekat-rwa/LinguaChat/linguachat-frontend/src/modules/profile/myprofile/myprofile-body/myprofile-tab-languages/myprofile-tab-native-languages/myprofile-tab-native-languages.component.ts", "TypeScript", 60, 0, 0, 0, 0, 0, 0, 0, 0, 8, 68
"/home/nikola/Podaci/projekat-rwa/LinguaChat/linguachat-frontend/src/modules/profile/myprofile/myprofile-body/myprofile-tab-posts/myprofile-tab-comment-add-dialog/myprofile-tab-comment-add-dialog.component.html", "HTML", 0, 0, 13, 0, 0, 0, 0, 0, 0, 1, 14
"/home/nikola/Podaci/projekat-rwa/LinguaChat/linguachat-frontend/src/modules/profile/myprofile/myprofile-body/myprofile-tab-posts/myprofile-tab-comment-add-dialog/myprofile-tab-comment-add-dialog.component.spec.ts", "TypeScript", 17, 0, 0, 0, 0, 0, 0, 0, 0, 5, 22
"/home/nikola/Podaci/projekat-rwa/LinguaChat/linguachat-frontend/src/modules/profile/myprofile/myprofile-body/myprofile-tab-posts/myprofile-tab-comment-add-dialog/myprofile-tab-comment-add-dialog.component.ts", "TypeScript", 32, 0, 0, 0, 0, 0, 0, 0, 0, 7, 39
"/home/nikola/Podaci/projekat-rwa/LinguaChat/linguachat-frontend/src/modules/profile/myprofile/myprofile-body/myprofile-tab-posts/myprofile-tab-comment-add/myprofile-tab-comment-add.component.html", "HTML", 0, 0, 1, 0, 0, 0, 0, 0, 0, 1, 2
"/home/nikola/Podaci/projekat-rwa/LinguaChat/linguachat-frontend/src/modules/profile/myprofile/myprofile-body/myprofile-tab-posts/myprofile-tab-comment-add/myprofile-tab-comment-add.component.spec.ts", "TypeScript", 17, 0, 0, 0, 0, 0, 0, 0, 0, 5, 22
"/home/nikola/Podaci/projekat-rwa/LinguaChat/linguachat-frontend/src/modules/profile/myprofile/myprofile-body/myprofile-tab-posts/myprofile-tab-comment-add/myprofile-tab-comment-add.component.ts", "TypeScript", 8, 0, 0, 0, 0, 0, 0, 0, 0, 3, 11
"/home/nikola/Podaci/projekat-rwa/LinguaChat/linguachat-frontend/src/modules/profile/myprofile/myprofile-body/myprofile-tab-posts/myprofile-tab-comments-item/myprofile-tab-comments-item.component.html", "HTML", 0, 0, 20, 0, 0, 0, 0, 0, 0, 4, 24
"/home/nikola/Podaci/projekat-rwa/LinguaChat/linguachat-frontend/src/modules/profile/myprofile/myprofile-body/myprofile-tab-posts/myprofile-tab-comments-item/myprofile-tab-comments-item.component.spec.ts", "TypeScript", 17, 0, 0, 0, 0, 0, 0, 0, 0, 5, 22
"/home/nikola/Podaci/projekat-rwa/LinguaChat/linguachat-frontend/src/modules/profile/myprofile/myprofile-body/myprofile-tab-posts/myprofile-tab-comments-item/myprofile-tab-comments-item.component.ts", "TypeScript", 31, 0, 0, 0, 0, 0, 0, 0, 0, 6, 37
"/home/nikola/Podaci/projekat-rwa/LinguaChat/linguachat-frontend/src/modules/profile/myprofile/myprofile-body/myprofile-tab-posts/myprofile-tab-comments/myprofile-tab-comments.component.html", "HTML", 0, 0, 7, 0, 0, 0, 0, 0, 0, 0, 7
"/home/nikola/Podaci/projekat-rwa/LinguaChat/linguachat-frontend/src/modules/profile/myprofile/myprofile-body/myprofile-tab-posts/myprofile-tab-comments/myprofile-tab-comments.component.spec.ts", "TypeScript", 17, 0, 0, 0, 0, 0, 0, 0, 0, 5, 22
"/home/nikola/Podaci/projekat-rwa/LinguaChat/linguachat-frontend/src/modules/profile/myprofile/myprofile-body/myprofile-tab-posts/myprofile-tab-comments/myprofile-tab-comments.component.ts", "TypeScript", 22, 0, 0, 0, 0, 0, 0, 0, 0, 2, 24
"/home/nikola/Podaci/projekat-rwa/LinguaChat/linguachat-frontend/src/modules/profile/myprofile/myprofile-body/myprofile-tab-posts/myprofile-tab-post-add-dialog/myprofile-tab-post-add-dialog.component.html", "HTML", 0, 0, 45, 0, 0, 0, 0, 0, 0, 3, 48
"/home/nikola/Podaci/projekat-rwa/LinguaChat/linguachat-frontend/src/modules/profile/myprofile/myprofile-body/myprofile-tab-posts/myprofile-tab-post-add-dialog/myprofile-tab-post-add-dialog.component.spec.ts", "TypeScript", 17, 0, 0, 0, 0, 0, 0, 0, 0, 5, 22
"/home/nikola/Podaci/projekat-rwa/LinguaChat/linguachat-frontend/src/modules/profile/myprofile/myprofile-body/myprofile-tab-posts/myprofile-tab-post-add-dialog/myprofile-tab-post-add-dialog.component.ts", "TypeScript", 107, 0, 0, 0, 0, 0, 0, 0, 3, 19, 129
"/home/nikola/Podaci/projekat-rwa/LinguaChat/linguachat-frontend/src/modules/profile/myprofile/myprofile-body/myprofile-tab-posts/myprofile-tab-post-item/myprofile-tab-post-item.component.html", "HTML", 0, 0, 52, 0, 0, 0, 0, 0, 0, 1, 53
"/home/nikola/Podaci/projekat-rwa/LinguaChat/linguachat-frontend/src/modules/profile/myprofile/myprofile-body/myprofile-tab-posts/myprofile-tab-post-item/myprofile-tab-post-item.component.spec.ts", "TypeScript", 17, 0, 0, 0, 0, 0, 0, 0, 0, 5, 22
"/home/nikola/Podaci/projekat-rwa/LinguaChat/linguachat-frontend/src/modules/profile/myprofile/myprofile-body/myprofile-tab-posts/myprofile-tab-post-item/myprofile-tab-post-item.component.ts", "TypeScript", 92, 0, 0, 0, 0, 0, 0, 0, 0, 13, 105
"/home/nikola/Podaci/projekat-rwa/LinguaChat/linguachat-frontend/src/modules/profile/myprofile/myprofile-body/myprofile-tab-posts/myprofile-tab-posts.module.ts", "TypeScript", 60, 0, 0, 0, 0, 0, 0, 0, 0, 2, 62
"/home/nikola/Podaci/projekat-rwa/LinguaChat/linguachat-frontend/src/modules/profile/myprofile/myprofile-body/myprofile-tab-posts/myprofile-tab-posts/myprofile-tab-posts.component.html", "HTML", 0, 0, 19, 0, 0, 0, 0, 0, 0, 0, 19
"/home/nikola/Podaci/projekat-rwa/LinguaChat/linguachat-frontend/src/modules/profile/myprofile/myprofile-body/myprofile-tab-posts/myprofile-tab-posts/myprofile-tab-posts.component.spec.ts", "TypeScript", 17, 0, 0, 0, 0, 0, 0, 0, 0, 5, 22
"/home/nikola/Podaci/projekat-rwa/LinguaChat/linguachat-frontend/src/modules/profile/myprofile/myprofile-body/myprofile-tab-posts/myprofile-tab-posts/myprofile-tab-posts.component.ts", "TypeScript", 32, 0, 0, 0, 0, 0, 0, 0, 0, 8, 40
"/home/nikola/Podaci/projekat-rwa/LinguaChat/linguachat-frontend/src/modules/profile/myprofile/myprofile-body/myprofile-tab-user-info/myprofile-tab-user-info.component.html", "HTML", 0, 0, 56, 0, 0, 0, 0, 0, 0, 2, 58
"/home/nikola/Podaci/projekat-rwa/LinguaChat/linguachat-frontend/src/modules/profile/myprofile/myprofile-body/myprofile-tab-user-info/myprofile-tab-user-info.component.spec.ts", "TypeScript", 17, 0, 0, 0, 0, 0, 0, 0, 0, 5, 22
"/home/nikola/Podaci/projekat-rwa/LinguaChat/linguachat-frontend/src/modules/profile/myprofile/myprofile-body/myprofile-tab-user-info/myprofile-tab-user-info.component.ts", "TypeScript", 67, 0, 0, 0, 0, 0, 0, 0, 0, 14, 81
"/home/nikola/Podaci/projekat-rwa/LinguaChat/linguachat-frontend/src/modules/profile/myprofile/myprofile-body/myprofile-update-dialog/myprofile-update-dialog.component.html", "HTML", 0, 0, 39, 0, 0, 0, 0, 0, 0, 1, 40
"/home/nikola/Podaci/projekat-rwa/LinguaChat/linguachat-frontend/src/modules/profile/myprofile/myprofile-body/myprofile-update-dialog/myprofile-update-dialog.component.spec.ts", "TypeScript", 17, 0, 0, 0, 0, 0, 0, 0, 0, 5, 22
"/home/nikola/Podaci/projekat-rwa/LinguaChat/linguachat-frontend/src/modules/profile/myprofile/myprofile-body/myprofile-update-dialog/myprofile-update-dialog.component.ts", "TypeScript", 37, 0, 0, 0, 0, 0, 0, 0, 0, 6, 43
"/home/nikola/Podaci/projekat-rwa/LinguaChat/linguachat-frontend/src/modules/profile/myprofile/myprofile.module.ts", "TypeScript", 25, 0, 0, 0, 0, 0, 0, 0, 0, 2, 27
"/home/nikola/Podaci/projekat-rwa/LinguaChat/linguachat-frontend/src/modules/profile/myprofile/myprofile/myprofile.component.html", "HTML", 0, 0, 2, 0, 0, 0, 0, 0, 0, 1, 3
"/home/nikola/Podaci/projekat-rwa/LinguaChat/linguachat-frontend/src/modules/profile/myprofile/myprofile/myprofile.component.spec.ts", "TypeScript", 17, 0, 0, 0, 0, 0, 0, 0, 0, 5, 22
"/home/nikola/Podaci/projekat-rwa/LinguaChat/linguachat-frontend/src/modules/profile/myprofile/myprofile/myprofile.component.ts", "TypeScript", 30, 0, 0, 0, 0, 0, 0, 0, 0, 3, 33
"/home/nikola/Podaci/projekat-rwa/LinguaChat/linguachat-frontend/src/modules/profile/user-profile/user-profile-body/user-profile-body.module.ts", "TypeScript", 33, 0, 0, 0, 0, 0, 0, 0, 0, 4, 37
"/home/nikola/Podaci/projekat-rwa/LinguaChat/linguachat-frontend/src/modules/profile/user-profile/user-profile-body/user-profile-body/user-profile-body.component.html", "HTML", 0, 0, 4, 0, 0, 0, 0, 0, 0, 0, 4
"/home/nikola/Podaci/projekat-rwa/LinguaChat/linguachat-frontend/src/modules/profile/user-profile/user-profile-body/user-profile-body/user-profile-body.component.spec.ts", "TypeScript", 17, 0, 0, 0, 0, 0, 0, 0, 0, 5, 22
"/home/nikola/Podaci/projekat-rwa/LinguaChat/linguachat-frontend/src/modules/profile/user-profile/user-profile-body/user-profile-body/user-profile-body.component.ts", "TypeScript", 8, 0, 0, 0, 0, 0, 0, 0, 0, 3, 11
"/home/nikola/Podaci/projekat-rwa/LinguaChat/linguachat-frontend/src/modules/profile/user-profile/user-profile-body/user-profile-content/user-profile-content.component.html", "HTML", 0, 0, 25, 0, 0, 0, 0, 0, 3, 1, 29
"/home/nikola/Podaci/projekat-rwa/LinguaChat/linguachat-frontend/src/modules/profile/user-profile/user-profile-body/user-profile-content/user-profile-content.component.spec.ts", "TypeScript", 17, 0, 0, 0, 0, 0, 0, 0, 0, 5, 22
"/home/nikola/Podaci/projekat-rwa/LinguaChat/linguachat-frontend/src/modules/profile/user-profile/user-profile-body/user-profile-content/user-profile-content.component.ts", "TypeScript", 21, 0, 0, 0, 0, 0, 0, 0, 0, 5, 26
"/home/nikola/Podaci/projekat-rwa/LinguaChat/linguachat-frontend/src/modules/profile/user-profile/user-profile-body/user-profile-tab-languages/user-profile-learning-languages/user-profile-learning-languages.component.html", "HTML", 0, 0, 25, 0, 0, 0, 0, 0, 5, 7, 37
"/home/nikola/Podaci/projekat-rwa/LinguaChat/linguachat-frontend/src/modules/profile/user-profile/user-profile-body/user-profile-tab-languages/user-profile-learning-languages/user-profile-learning-languages.component.spec.ts", "TypeScript", 17, 0, 0, 0, 0, 0, 0, 0, 0, 5, 22
"/home/nikola/Podaci/projekat-rwa/LinguaChat/linguachat-frontend/src/modules/profile/user-profile/user-profile-body/user-profile-tab-languages/user-profile-learning-languages/user-profile-learning-languages.component.ts", "TypeScript", 18, 0, 0, 0, 0, 0, 0, 0, 0, 3, 21
"/home/nikola/Podaci/projekat-rwa/LinguaChat/linguachat-frontend/src/modules/profile/user-profile/user-profile-body/user-profile-tab-languages/user-profile-native-languages/user-profile-native-languages.component.html", "HTML", 0, 0, 21, 0, 0, 0, 0, 0, 4, 7, 32
"/home/nikola/Podaci/projekat-rwa/LinguaChat/linguachat-frontend/src/modules/profile/user-profile/user-profile-body/user-profile-tab-languages/user-profile-native-languages/user-profile-native-languages.component.spec.ts", "TypeScript", 17, 0, 0, 0, 0, 0, 0, 0, 0, 5, 22
"/home/nikola/Podaci/projekat-rwa/LinguaChat/linguachat-frontend/src/modules/profile/user-profile/user-profile-body/user-profile-tab-languages/user-profile-native-languages/user-profile-native-languages.component.ts", "TypeScript", 18, 0, 0, 0, 0, 0, 0, 0, 0, 3, 21
"/home/nikola/Podaci/projekat-rwa/LinguaChat/linguachat-frontend/src/modules/profile/user-profile/user-profile-body/user-profile-tab-languages/user-profile-tab-languages.module.ts", "TypeScript", 23, 0, 0, 0, 0, 0, 0, 0, 0, 4, 27
"/home/nikola/Podaci/projekat-rwa/LinguaChat/linguachat-frontend/src/modules/profile/user-profile/user-profile-body/user-profile-tab-languages/user-profile-tab-languages/user-profile-tab-languages.component.html", "HTML", 0, 0, 10, 0, 0, 0, 0, 0, 0, 0, 10
"/home/nikola/Podaci/projekat-rwa/LinguaChat/linguachat-frontend/src/modules/profile/user-profile/user-profile-body/user-profile-tab-languages/user-profile-tab-languages/user-profile-tab-languages.component.spec.ts", "TypeScript", 17, 0, 0, 0, 0, 0, 0, 0, 0, 5, 22
"/home/nikola/Podaci/projekat-rwa/LinguaChat/linguachat-frontend/src/modules/profile/user-profile/user-profile-body/user-profile-tab-languages/user-profile-tab-languages/user-profile-tab-languages.component.ts", "TypeScript", 8, 0, 0, 0, 0, 0, 0, 0, 0, 3, 11
"/home/nikola/Podaci/projekat-rwa/LinguaChat/linguachat-frontend/src/modules/profile/user-profile/user-profile-body/user-profile-tab-posts/user-profile-tab-posts.module.ts", "TypeScript", 25, 0, 0, 0, 0, 0, 0, 0, 0, 4, 29
"/home/nikola/Podaci/projekat-rwa/LinguaChat/linguachat-frontend/src/modules/profile/user-profile/user-profile-body/user-profile-tab-posts/user-profile-tab-posts/user-profile-tab-posts.component.html", "HTML", 0, 0, 13, 0, 0, 0, 0, 0, 0, 1, 14
"/home/nikola/Podaci/projekat-rwa/LinguaChat/linguachat-frontend/src/modules/profile/user-profile/user-profile-body/user-profile-tab-posts/user-profile-tab-posts/user-profile-tab-posts.component.spec.ts", "TypeScript", 17, 0, 0, 0, 0, 0, 0, 0, 0, 5, 22
"/home/nikola/Podaci/projekat-rwa/LinguaChat/linguachat-frontend/src/modules/profile/user-profile/user-profile-body/user-profile-tab-posts/user-profile-tab-posts/user-profile-tab-posts.component.ts", "TypeScript", 15, 0, 0, 0, 0, 0, 0, 0, 0, 3, 18
"/home/nikola/Podaci/projekat-rwa/LinguaChat/linguachat-frontend/src/modules/profile/user-profile/user-profile-body/user-profile-tab-user-info/blocked-user-button/blocked-user-button.component.html", "HTML", 0, 0, 6, 0, 0, 0, 0, 0, 0, 0, 6
"/home/nikola/Podaci/projekat-rwa/LinguaChat/linguachat-frontend/src/modules/profile/user-profile/user-profile-body/user-profile-tab-user-info/blocked-user-button/blocked-user-button.component.spec.ts", "TypeScript", 17, 0, 0, 0, 0, 0, 0, 0, 0, 5, 22
"/home/nikola/Podaci/projekat-rwa/LinguaChat/linguachat-frontend/src/modules/profile/user-profile/user-profile-body/user-profile-tab-user-info/blocked-user-button/blocked-user-button.component.ts", "TypeScript", 22, 0, 0, 0, 0, 0, 0, 0, 0, 5, 27
"/home/nikola/Podaci/projekat-rwa/LinguaChat/linguachat-frontend/src/modules/profile/user-profile/user-profile-body/user-profile-tab-user-info/user-profile-tab-user-info.module.ts", "TypeScript", 20, 0, 0, 0, 0, 0, 0, 0, 0, 2, 22
"/home/nikola/Podaci/projekat-rwa/LinguaChat/linguachat-frontend/src/modules/profile/user-profile/user-profile-body/user-profile-tab-user-info/user-profile-tab-user-info/user-profile-tab-user-info.component.html", "HTML", 0, 0, 80, 0, 0, 0, 0, 0, 0, 4, 84
"/home/nikola/Podaci/projekat-rwa/LinguaChat/linguachat-frontend/src/modules/profile/user-profile/user-profile-body/user-profile-tab-user-info/user-profile-tab-user-info/user-profile-tab-user-info.component.spec.ts", "TypeScript", 17, 0, 0, 0, 0, 0, 0, 0, 0, 5, 22
"/home/nikola/Podaci/projekat-rwa/LinguaChat/linguachat-frontend/src/modules/profile/user-profile/user-profile-body/user-profile-tab-user-info/user-profile-tab-user-info/user-profile-tab-user-info.component.ts", "TypeScript", 92, 0, 0, 0, 0, 0, 0, 0, 0, 18, 110
"/home/nikola/Podaci/projekat-rwa/LinguaChat/linguachat-frontend/src/modules/profile/user-profile/user-profile.module.ts", "TypeScript", 21, 0, 0, 0, 0, 0, 0, 0, 0, 3, 24
"/home/nikola/Podaci/projekat-rwa/LinguaChat/linguachat-frontend/src/modules/profile/user-profile/user-profile/user-profile.component.html", "HTML", 0, 0, 4, 0, 0, 0, 0, 0, 0, 1, 5
"/home/nikola/Podaci/projekat-rwa/LinguaChat/linguachat-frontend/src/modules/profile/user-profile/user-profile/user-profile.component.spec.ts", "TypeScript", 17, 0, 0, 0, 0, 0, 0, 0, 0, 5, 22
"/home/nikola/Podaci/projekat-rwa/LinguaChat/linguachat-frontend/src/modules/profile/user-profile/user-profile/user-profile.component.ts", "TypeScript", 49, 0, 0, 0, 0, 0, 0, 0, 0, 7, 56
"/home/nikola/Podaci/projekat-rwa/LinguaChat/linguachat-frontend/src/modules/shared/proba/proba.component.css", "PostCSS", 0, 0, 0, 0, 0, 0, 0, 0, 0, 1, 1
"/home/nikola/Podaci/projekat-rwa/LinguaChat/linguachat-frontend/src/modules/shared/proba/proba.component.html", "HTML", 0, 0, 1, 0, 0, 0, 0, 0, 0, 1, 2
"/home/nikola/Podaci/projekat-rwa/LinguaChat/linguachat-frontend/src/modules/shared/proba/proba.component.spec.ts", "TypeScript", 17, 0, 0, 0, 0, 0, 0, 0, 0, 5, 22
"/home/nikola/Podaci/projekat-rwa/LinguaChat/linguachat-frontend/src/modules/shared/proba/proba.component.ts", "TypeScript", 8, 0, 0, 0, 0, 0, 0, 0, 0, 3, 11
"/home/nikola/Podaci/projekat-rwa/LinguaChat/linguachat-frontend/src/modules/shared/taskbar/actions/actions.component.html", "HTML", 0, 0, 14, 0, 0, 0, 0, 0, 3, 3, 20
"/home/nikola/Podaci/projekat-rwa/LinguaChat/linguachat-frontend/src/modules/shared/taskbar/actions/actions.component.spec.ts", "TypeScript", 17, 0, 0, 0, 0, 0, 0, 0, 0, 5, 22
"/home/nikola/Podaci/projekat-rwa/LinguaChat/linguachat-frontend/src/modules/shared/taskbar/actions/actions.component.ts", "TypeScript", 57, 0, 0, 0, 0, 0, 0, 0, 18, 7, 82
"/home/nikola/Podaci/projekat-rwa/LinguaChat/linguachat-frontend/src/modules/shared/taskbar/chat-button/chat-button.component.html", "HTML", 0, 0, 3, 0, 0, 0, 0, 0, 0, 0, 3
"/home/nikola/Podaci/projekat-rwa/LinguaChat/linguachat-frontend/src/modules/shared/taskbar/chat-button/chat-button.component.spec.ts", "TypeScript", 17, 0, 0, 0, 0, 0, 0, 0, 0, 5, 22
"/home/nikola/Podaci/projekat-rwa/LinguaChat/linguachat-frontend/src/modules/shared/taskbar/chat-button/chat-button.component.ts", "TypeScript", 20, 0, 0, 0, 0, 0, 0, 0, 0, 3, 23
"/home/nikola/Podaci/projekat-rwa/LinguaChat/linguachat-frontend/src/modules/shared/taskbar/feed-button/feed-button.component.html", "HTML", 0, 0, 3, 0, 0, 0, 0, 0, 0, 0, 3
"/home/nikola/Podaci/projekat-rwa/LinguaChat/linguachat-frontend/src/modules/shared/taskbar/feed-button/feed-button.component.spec.ts", "TypeScript", 17, 0, 0, 0, 0, 0, 0, 0, 0, 5, 22
"/home/nikola/Podaci/projekat-rwa/LinguaChat/linguachat-frontend/src/modules/shared/taskbar/feed-button/feed-button.component.ts", "TypeScript", 20, 0, 0, 0, 0, 0, 0, 0, 0, 3, 23
"/home/nikola/Podaci/projekat-rwa/LinguaChat/linguachat-frontend/src/modules/shared/taskbar/notifications/notifications.component.html", "HTML", 0, 0, 7, 0, 0, 0, 0, 0, 0, 0, 7
"/home/nikola/Podaci/projekat-rwa/LinguaChat/linguachat-frontend/src/modules/shared/taskbar/notifications/notifications.component.spec.ts", "TypeScript", 17, 0, 0, 0, 0, 0, 0, 0, 0, 5, 22
"/home/nikola/Podaci/projekat-rwa/LinguaChat/linguachat-frontend/src/modules/shared/taskbar/notifications/notifications.component.ts", "TypeScript", 8, 0, 0, 0, 0, 0, 0, 0, 0, 3, 11
"/home/nikola/Podaci/projekat-rwa/LinguaChat/linguachat-frontend/src/modules/shared/taskbar/profile-search-button/profile-search-button.component.html", "HTML", 0, 0, 3, 0, 0, 0, 0, 0, 0, 0, 3
"/home/nikola/Podaci/projekat-rwa/LinguaChat/linguachat-frontend/src/modules/shared/taskbar/profile-search-button/profile-search-button.component.spec.ts", "TypeScript", 17, 0, 0, 0, 0, 0, 0, 0, 0, 5, 22
"/home/nikola/Podaci/projekat-rwa/LinguaChat/linguachat-frontend/src/modules/shared/taskbar/profile-search-button/profile-search-button.component.ts", "TypeScript", 20, 0, 0, 0, 0, 0, 0, 0, 0, 3, 23
"/home/nikola/Podaci/projekat-rwa/LinguaChat/linguachat-frontend/src/modules/shared/taskbar/taskbar-component/taskbar.component.html", "HTML", 0, 0, 12, 0, 0, 0, 0, 0, 3, 1, 16
"/home/nikola/Podaci/projekat-rwa/LinguaChat/linguachat-frontend/src/modules/shared/taskbar/taskbar-component/taskbar.component.spec.ts", "TypeScript", 17, 0, 0, 0, 0, 0, 0, 0, 0, 5, 22
"/home/nikola/Podaci/projekat-rwa/LinguaChat/linguachat-frontend/src/modules/shared/taskbar/taskbar-component/taskbar.component.ts", "TypeScript", 29, 0, 0, 0, 0, 0, 0, 0, 0, 6, 35
"/home/nikola/Podaci/projekat-rwa/LinguaChat/linguachat-frontend/src/modules/shared/taskbar/taskbar.module.ts", "TypeScript", 34, 0, 0, 0, 0, 0, 0, 0, 0, 2, 36
"/home/nikola/Podaci/projekat-rwa/LinguaChat/linguachat-frontend/src/modules/signup/signup-form/signup-form.module.ts", "TypeScript", 28, 0, 0, 0, 0, 0, 0, 0, 0, 3, 31
"/home/nikola/Podaci/projekat-rwa/LinguaChat/linguachat-frontend/src/modules/signup/signup-form/signup-form/signup-form.component.html", "HTML", 0, 0, 56, 0, 0, 0, 0, 0, 0, 0, 56
"/home/nikola/Podaci/projekat-rwa/LinguaChat/linguachat-frontend/src/modules/signup/signup-form/signup-form/signup-form.component.spec.ts", "TypeScript", 17, 0, 0, 0, 0, 0, 0, 0, 0, 5, 22
"/home/nikola/Podaci/projekat-rwa/LinguaChat/linguachat-frontend/src/modules/signup/signup-form/signup-form/signup-form.component.ts", "TypeScript", 66, 0, 0, 0, 0, 0, 0, 0, 0, 8, 74
"/home/nikola/Podaci/projekat-rwa/LinguaChat/linguachat-frontend/src/modules/signup/signup.module.ts", "TypeScript", 16, 0, 0, 0, 0, 0, 0, 0, 0, 4, 20
"/home/nikola/Podaci/projekat-rwa/LinguaChat/linguachat-frontend/src/modules/signup/signup/signup.component.html", "HTML", 0, 0, 4, 0, 0, 0, 0, 0, 0, 1, 5
"/home/nikola/Podaci/projekat-rwa/LinguaChat/linguachat-frontend/src/modules/signup/signup/signup.component.spec.ts", "TypeScript", 17, 0, 0, 0, 0, 0, 0, 0, 0, 5, 22
"/home/nikola/Podaci/projekat-rwa/LinguaChat/linguachat-frontend/src/modules/signup/signup/signup.component.ts", "TypeScript", 14, 0, 0, 0, 0, 0, 0, 0, 0, 2, 16
"/home/nikola/Podaci/projekat-rwa/LinguaChat/linguachat-frontend/src/services/chat.service.spec.ts", "TypeScript", 12, 0, 0, 0, 0, 0, 0, 0, 0, 5, 17
"/home/nikola/Podaci/projekat-rwa/LinguaChat/linguachat-frontend/src/services/chat.service.ts", "TypeScript", 48, 0, 0, 0, 0, 0, 0, 0, 0, 12, 60
"/home/nikola/Podaci/projekat-rwa/LinguaChat/linguachat-frontend/src/services/comment.service.spec.ts", "TypeScript", 12, 0, 0, 0, 0, 0, 0, 0, 0, 5, 17
"/home/nikola/Podaci/projekat-rwa/LinguaChat/linguachat-frontend/src/services/comment.service.ts", "TypeScript", 44, 0, 0, 0, 0, 0, 0, 0, 0, 8, 52
"/home/nikola/Podaci/projekat-rwa/LinguaChat/linguachat-frontend/src/services/config/services-paths.config.ts", "TypeScript", 7, 0, 0, 0, 0, 0, 0, 0, 0, 0, 7
"/home/nikola/Podaci/projekat-rwa/LinguaChat/linguachat-frontend/src/services/connection.service.spec.ts", "TypeScript", 12, 0, 0, 0, 0, 0, 0, 0, 0, 5, 17
"/home/nikola/Podaci/projekat-rwa/LinguaChat/linguachat-frontend/src/services/connection.service.ts", "TypeScript", 55, 0, 0, 0, 0, 0, 0, 0, 0, 10, 65
"/home/nikola/Podaci/projekat-rwa/LinguaChat/linguachat-frontend/src/services/flags.service.spec.ts", "TypeScript", 12, 0, 0, 0, 0, 0, 0, 0, 0, 5, 17
"/home/nikola/Podaci/projekat-rwa/LinguaChat/linguachat-frontend/src/services/flags.service.ts", "TypeScript", 15, 0, 0, 0, 0, 0, 0, 0, 0, 3, 18
"/home/nikola/Podaci/projekat-rwa/LinguaChat/linguachat-frontend/src/services/language.service.spec.ts", "TypeScript", 12, 0, 0, 0, 0, 0, 0, 0, 0, 5, 17
"/home/nikola/Podaci/projekat-rwa/LinguaChat/linguachat-frontend/src/services/language.service.ts", "TypeScript", 71, 0, 0, 0, 0, 0, 0, 0, 0, 13, 84
"/home/nikola/Podaci/projekat-rwa/LinguaChat/linguachat-frontend/src/services/login.service.spec.ts", "TypeScript", 12, 0, 0, 0, 0, 0, 0, 0, 0, 5, 17
"/home/nikola/Podaci/projekat-rwa/LinguaChat/linguachat-frontend/src/services/login.service.ts", "TypeScript", 46, 0, 0, 0, 0, 0, 0, 0, 0, 6, 52
"/home/nikola/Podaci/projekat-rwa/LinguaChat/linguachat-frontend/src/services/post.service.spec.ts", "TypeScript", 12, 0, 0, 0, 0, 0, 0, 0, 0, 5, 17
"/home/nikola/Podaci/projekat-rwa/LinguaChat/linguachat-frontend/src/services/post.service.ts", "TypeScript", 98, 0, 0, 0, 0, 0, 0, 0, 0, 14, 112
"/home/nikola/Podaci/projekat-rwa/LinguaChat/linguachat-frontend/src/services/services.module.ts", "TypeScript", 11, 0, 0, 0, 0, 0, 0, 0, 0, 4, 15
"/home/nikola/Podaci/projekat-rwa/LinguaChat/linguachat-frontend/src/services/user.service.spec.ts", "TypeScript", 12, 0, 0, 0, 0, 0, 0, 0, 0, 5, 17
"/home/nikola/Podaci/projekat-rwa/LinguaChat/linguachat-frontend/src/services/user.service.ts", "TypeScript", 144, 0, 0, 0, 0, 0, 0, 0, 0, 22, 166
"/home/nikola/Podaci/projekat-rwa/LinguaChat/linguachat-frontend/src/sockets/chat.socket.ts", "TypeScript", 9, 0, 0, 0, 0, 0, 0, 0, 0, 2, 11
"/home/nikola/Podaci/projekat-rwa/LinguaChat/linguachat-frontend/src/sockets/socket-config/socket.config.ts", "TypeScript", 1, 0, 0, 0, 0, 0, 0, 0, 0, 1, 2
"/home/nikola/Podaci/projekat-rwa/LinguaChat/linguachat-frontend/src/store/chat/chats.actions.ts", "TypeScript", 43, 0, 0, 0, 0, 0, 0, 0, 4, 11, 58
"/home/nikola/Podaci/projekat-rwa/LinguaChat/linguachat-frontend/src/store/chat/chats.effects.ts", "TypeScript", 57, 0, 0, 0, 0, 0, 0, 0, 0, 4, 61
"/home/nikola/Podaci/projekat-rwa/LinguaChat/linguachat-frontend/src/store/chat/chats.reducer.ts", "TypeScript", 62, 0, 0, 0, 0, 0, 0, 0, 0, 11, 73
"/home/nikola/Podaci/projekat-rwa/LinguaChat/linguachat-frontend/src/store/chat/chats.selector.ts", "TypeScript", 14, 0, 0, 0, 0, 0, 0, 0, 4, 7, 25
"/home/nikola/Podaci/projekat-rwa/LinguaChat/linguachat-frontend/src/store/chat/chats.state.ts", "TypeScript", 13, 0, 0, 0, 0, 0, 0, 0, 0, 6, 19
"/home/nikola/Podaci/projekat-rwa/LinguaChat/linguachat-frontend/src/store/chat/chats.types.ts", "TypeScript", 10, 0, 0, 0, 0, 0, 0, 0, 0, 3, 13
"/home/nikola/Podaci/projekat-rwa/LinguaChat/linguachat-frontend/src/store/comment/comment.actions.ts", "TypeScript", 39, 0, 0, 0, 0, 0, 0, 0, 4, 10, 53
"/home/nikola/Podaci/projekat-rwa/LinguaChat/linguachat-frontend/src/store/comment/comment.effects.ts", "TypeScript", 63, 0, 0, 0, 0, 0, 0, 0, 0, 5, 68
"/home/nikola/Podaci/projekat-rwa/LinguaChat/linguachat-frontend/src/store/comment/comment.reducer.ts", "TypeScript", 16, 0, 0, 0, 0, 0, 0, 0, 0, 2, 18
"/home/nikola/Podaci/projekat-rwa/LinguaChat/linguachat-frontend/src/store/comment/comment.selector.ts", "TypeScript", 14, 0, 0, 0, 0, 0, 0, 0, 4, 7, 25
"/home/nikola/Podaci/projekat-rwa/LinguaChat/linguachat-frontend/src/store/comment/comment.state.ts", "TypeScript", 13, 0, 0, 0, 0, 0, 0, 0, 0, 5, 18
"/home/nikola/Podaci/projekat-rwa/LinguaChat/linguachat-frontend/src/store/comment/comment.types.ts", "TypeScript", 8, 0, 0, 0, 0, 0, 0, 0, 0, 3, 11
"/home/nikola/Podaci/projekat-rwa/LinguaChat/linguachat-frontend/src/store/config/ng.redux-devtools.config.ts", "TypeScript", 9, 0, 0, 0, 0, 0, 0, 0, 0, 1, 10
"/home/nikola/Podaci/projekat-rwa/LinguaChat/linguachat-frontend/src/store/config/store.effect.names.ts", "TypeScript", 31, 0, 0, 0, 0, 0, 0, 0, 0, 2, 33
"/home/nikola/Podaci/projekat-rwa/LinguaChat/linguachat-frontend/src/store/config/store.names.ts", "TypeScript", 35, 0, 0, 0, 0, 0, 0, 0, 1, 2, 38
"/home/nikola/Podaci/projekat-rwa/LinguaChat/linguachat-frontend/src/store/dark-mode/dark-mode.actions.ts", "TypeScript", 10, 0, 0, 0, 0, 0, 0, 0, 0, 2, 12
"/home/nikola/Podaci/projekat-rwa/LinguaChat/linguachat-frontend/src/store/dark-mode/dark-mode.effects.ts", "TypeScript", 26, 0, 0, 0, 0, 0, 0, 0, 1, 4, 31
"/home/nikola/Podaci/projekat-rwa/LinguaChat/linguachat-frontend/src/store/dark-mode/dark-mode.module.ts", "TypeScript", 9, 0, 0, 0, 0, 0, 0, 0, 0, 4, 13
"/home/nikola/Podaci/projekat-rwa/LinguaChat/linguachat-frontend/src/store/dark-mode/dark-mode.reducer.ts", "TypeScript", 8, 0, 0, 0, 0, 0, 0, 0, 0, 3, 11
"/home/nikola/Podaci/projekat-rwa/LinguaChat/linguachat-frontend/src/store/dark-mode/dark-mode.selector.ts", "TypeScript", 11, 0, 0, 0, 0, 0, 0, 0, 0, 2, 13
"/home/nikola/Podaci/projekat-rwa/LinguaChat/linguachat-frontend/src/store/dark-mode/dark-mode.state.ts", "TypeScript", 34, 0, 0, 0, 0, 0, 0, 0, 1, 6, 41
"/home/nikola/Podaci/projekat-rwa/LinguaChat/linguachat-frontend/src/store/dark-mode/dark-mode.types.ts", "TypeScript", 3, 0, 0, 0, 0, 0, 0, 0, 0, 0, 3
"/home/nikola/Podaci/projekat-rwa/LinguaChat/linguachat-frontend/src/store/filtered-users/filtered-users.actions.ts", "TypeScript", 38, 0, 0, 0, 0, 0, 0, 0, 2, 10, 50
"/home/nikola/Podaci/projekat-rwa/LinguaChat/linguachat-frontend/src/store/filtered-users/filtered-users.effects.ts", "TypeScript", 90, 0, 0, 0, 0, 0, 0, 0, 0, 6, 96
"/home/nikola/Podaci/projekat-rwa/LinguaChat/linguachat-frontend/src/store/filtered-users/filtered-users.reducer.ts", "TypeScript", 30, 0, 0, 0, 0, 0, 0, 0, 0, 3, 33
"/home/nikola/Podaci/projekat-rwa/LinguaChat/linguachat-frontend/src/store/filtered-users/filtered-users.selector.ts", "TypeScript", 42, 0, 0, 0, 0, 0, 0, 0, 4, 10, 56
"/home/nikola/Podaci/projekat-rwa/LinguaChat/linguachat-frontend/src/store/filtered-users/filtered-users.state.ts", "TypeScript", 17, 0, 0, 0, 0, 0, 0, 0, 0, 5, 22
"/home/nikola/Podaci/projekat-rwa/LinguaChat/linguachat-frontend/src/store/filtered-users/filtered-users.types.ts", "TypeScript", 7, 0, 0, 0, 0, 0, 0, 0, 0, 2, 9
"/home/nikola/Podaci/projekat-rwa/LinguaChat/linguachat-frontend/src/store/flags/flags.actions.ts", "TypeScript", 14, 0, 0, 0, 0, 0, 0, 0, 1, 4, 19
"/home/nikola/Podaci/projekat-rwa/LinguaChat/linguachat-frontend/src/store/flags/flags.effects.ts", "TypeScript", 25, 0, 0, 0, 0, 0, 0, 0, 0, 3, 28
"/home/nikola/Podaci/projekat-rwa/LinguaChat/linguachat-frontend/src/store/flags/flags.reducer.ts", "TypeScript", 9, 0, 0, 0, 0, 0, 0, 0, 0, 2, 11
"/home/nikola/Podaci/projekat-rwa/LinguaChat/linguachat-frontend/src/store/flags/flags.selector.ts", "TypeScript", 14, 0, 0, 0, 0, 0, 0, 0, 4, 7, 25
"/home/nikola/Podaci/projekat-rwa/LinguaChat/linguachat-frontend/src/store/flags/flags.state.ts", "TypeScript", 10, 0, 0, 0, 0, 0, 0, 0, 0, 4, 14
"/home/nikola/Podaci/projekat-rwa/LinguaChat/linguachat-frontend/src/store/flags/flags.types.ts", "TypeScript", 4, 0, 0, 0, 0, 0, 0, 0, 0, 2, 6
"/home/nikola/Podaci/projekat-rwa/LinguaChat/linguachat-frontend/src/store/login/login.actions.ts", "TypeScript", 27, 0, 0, 0, 0, 0, 0, 0, 0, 6, 33
"/home/nikola/Podaci/projekat-rwa/LinguaChat/linguachat-frontend/src/store/login/login.effects.ts", "TypeScript", 45, 0, 0, 0, 0, 0, 0, 0, 0, 4, 49
"/home/nikola/Podaci/projekat-rwa/LinguaChat/linguachat-frontend/src/store/login/login.reducer.ts", "TypeScript", 18, 0, 0, 0, 0, 0, 0, 0, 0, 1, 19
"/home/nikola/Podaci/projekat-rwa/LinguaChat/linguachat-frontend/src/store/login/login.selector.ts", "TypeScript", 14, 0, 0, 0, 0, 0, 0, 0, 0, 2, 16
"/home/nikola/Podaci/projekat-rwa/LinguaChat/linguachat-frontend/src/store/login/login.state.ts", "TypeScript", 9, 0, 0, 0, 0, 0, 0, 0, 0, 2, 11
"/home/nikola/Podaci/projekat-rwa/LinguaChat/linguachat-frontend/src/store/login/login.types.ts", "TypeScript", 9, 0, 0, 0, 0, 0, 0, 0, 0, 4, 13
"/home/nikola/Podaci/projekat-rwa/LinguaChat/linguachat-frontend/src/store/signup/signup.actions.ts", "TypeScript", 14, 0, 0, 0, 0, 0, 0, 0, 0, 3, 17
"/home/nikola/Podaci/projekat-rwa/LinguaChat/linguachat-frontend/src/store/signup/signup.effects.ts", "TypeScript", 30, 0, 0, 0, 0, 0, 0, 0, 0, 4, 34
"/home/nikola/Podaci/projekat-rwa/LinguaChat/linguachat-frontend/src/store/signup/signup.reducer.ts", "TypeScript", 14, 0, 0, 0, 0, 0, 0, 0, 0, 1, 15
"/home/nikola/Podaci/projekat-rwa/LinguaChat/linguachat-frontend/src/store/signup/signup.selector.ts", "TypeScript", 14, 0, 0, 0, 0, 0, 0, 0, 0, 2, 16
"/home/nikola/Podaci/projekat-rwa/LinguaChat/linguachat-frontend/src/store/signup/signup.state.ts", "TypeScript", 6, 0, 0, 0, 0, 0, 0, 0, 0, 2, 8
"/home/nikola/Podaci/projekat-rwa/LinguaChat/linguachat-frontend/src/store/signup/signup.types.ts", "TypeScript", 4, 0, 0, 0, 0, 0, 0, 0, 0, 0, 4
"/home/nikola/Podaci/projekat-rwa/LinguaChat/linguachat-frontend/src/store/user/all-languages/all-languages.actions.ts", "TypeScript", 15, 0, 0, 0, 0, 0, 0, 0, 1, 4, 20
"/home/nikola/Podaci/projekat-rwa/LinguaChat/linguachat-frontend/src/store/user/all-languages/all-languages.effects.ts", "TypeScript", 32, 0, 0, 0, 0, 0, 0, 0, 0, 3, 35
"/home/nikola/Podaci/projekat-rwa/LinguaChat/linguachat-frontend/src/store/user/all-languages/all-languages.reducer.ts", "TypeScript", 12, 0, 0, 0, 0, 0, 0, 0, 0, 4, 16
"/home/nikola/Podaci/projekat-rwa/LinguaChat/linguachat-frontend/src/store/user/all-languages/all-languages.selector.ts", "TypeScript", 23, 0, 0, 0, 0, 0, 0, 0, 4, 7, 34
"/home/nikola/Podaci/projekat-rwa/LinguaChat/linguachat-frontend/src/store/user/all-languages/all-languages.state.ts", "TypeScript", 7, 0, 0, 0, 0, 0, 0, 0, 0, 3, 10
"/home/nikola/Podaci/projekat-rwa/LinguaChat/linguachat-frontend/src/store/user/all-languages/all-languages.types.ts", "TypeScript", 4, 0, 0, 0, 0, 0, 0, 0, 0, 2, 6
"/home/nikola/Podaci/projekat-rwa/LinguaChat/linguachat-frontend/src/store/user/blocked-users/blocked-users.actions.ts", "TypeScript", 30, 0, 0, 0, 0, 0, 0, 0, 3, 8, 41
"/home/nikola/Podaci/projekat-rwa/LinguaChat/linguachat-frontend/src/store/user/blocked-users/blocked-users.effects.ts", "TypeScript", 57, 0, 0, 0, 0, 0, 0, 0, 0, 5, 62
"/home/nikola/Podaci/projekat-rwa/LinguaChat/linguachat-frontend/src/store/user/blocked-users/blocked-users.reducer.ts", "TypeScript", 22, 0, 0, 0, 0, 0, 0, 0, 0, 2, 24
"/home/nikola/Podaci/projekat-rwa/LinguaChat/linguachat-frontend/src/store/user/blocked-users/blocked-users.selector.ts", "TypeScript", 24, 0, 0, 0, 0, 0, 0, 0, 4, 7, 35
"/home/nikola/Podaci/projekat-rwa/LinguaChat/linguachat-frontend/src/store/user/blocked-users/blocked-users.state.ts", "TypeScript", 15, 0, 0, 0, 0, 0, 0, 0, 1, 6, 22
"/home/nikola/Podaci/projekat-rwa/LinguaChat/linguachat-frontend/src/store/user/blocked-users/blocked-users.types.ts", "TypeScript", 4, 0, 0, 0, 0, 0, 0, 0, 0, 3, 7
"/home/nikola/Podaci/projekat-rwa/LinguaChat/linguachat-frontend/src/store/user/connections/connections.actions.ts", "TypeScript", 38, 0, 0, 0, 0, 0, 0, 0, 3, 9, 50
"/home/nikola/Podaci/projekat-rwa/LinguaChat/linguachat-frontend/src/store/user/connections/connections.effects.ts", "TypeScript", 86, 0, 0, 0, 0, 0, 0, 0, 0, 6, 92
"/home/nikola/Podaci/projekat-rwa/LinguaChat/linguachat-frontend/src/store/user/connections/connections.reducer.ts", "TypeScript", 18, 0, 0, 0, 0, 0, 0, 0, 0, 2, 20
"/home/nikola/Podaci/projekat-rwa/LinguaChat/linguachat-frontend/src/store/user/connections/connections.selector.ts", "TypeScript", 24, 0, 0, 0, 0, 0, 0, 0, 4, 7, 35
"/home/nikola/Podaci/projekat-rwa/LinguaChat/linguachat-frontend/src/store/user/connections/connections.state.ts", "TypeScript", 6, 0, 0, 0, 0, 0, 0, 0, 0, 3, 9
"/home/nikola/Podaci/projekat-rwa/LinguaChat/linguachat-frontend/src/store/user/connections/connections.types.ts", "TypeScript", 3, 0, 0, 0, 0, 0, 0, 0, 0, 2, 5
"/home/nikola/Podaci/projekat-rwa/LinguaChat/linguachat-frontend/src/store/user/languages-learning/languages-learning.actions.ts", "TypeScript", 34, 0, 0, 0, 0, 0, 0, 0, 3, 10, 47
"/home/nikola/Podaci/projekat-rwa/LinguaChat/linguachat-frontend/src/store/user/languages-learning/languages-learning.effects.ts", "TypeScript", 95, 0, 0, 0, 0, 0, 0, 0, 0, 6, 101
"/home/nikola/Podaci/projekat-rwa/LinguaChat/linguachat-frontend/src/store/user/languages-learning/languages-learning.reducer.ts", "TypeScript", 25, 0, 0, 0, 0, 0, 0, 0, 0, 2, 27
"/home/nikola/Podaci/projekat-rwa/LinguaChat/linguachat-frontend/src/store/user/languages-learning/languages-learning.selector.ts", "TypeScript", 24, 0, 0, 0, 0, 0, 0, 0, 4, 7, 35
"/home/nikola/Podaci/projekat-rwa/LinguaChat/linguachat-frontend/src/store/user/languages-learning/languages-learning.state.ts", "TypeScript", 7, 0, 0, 0, 0, 0, 0, 0, 0, 3, 10
"/home/nikola/Podaci/projekat-rwa/LinguaChat/linguachat-frontend/src/store/user/languages-learning/languages-learning.types.ts", "TypeScript", 4, 0, 0, 0, 0, 0, 0, 0, 0, 2, 6
"/home/nikola/Podaci/projekat-rwa/LinguaChat/linguachat-frontend/src/store/user/languages-native/languages-native.actions.ts", "TypeScript", 34, 0, 0, 0, 0, 0, 0, 0, 3, 9, 46
"/home/nikola/Podaci/projekat-rwa/LinguaChat/linguachat-frontend/src/store/user/languages-native/languages-native.effects.ts", "TypeScript", 94, 0, 0, 0, 0, 0, 0, 0, 0, 6, 100
"/home/nikola/Podaci/projekat-rwa/LinguaChat/linguachat-frontend/src/store/user/languages-native/languages-native.reducer.ts", "TypeScript", 27, 0, 0, 0, 0, 0, 0, 0, 0, 2, 29
"/home/nikola/Podaci/projekat-rwa/LinguaChat/linguachat-frontend/src/store/user/languages-native/languages-native.selector.ts", "TypeScript", 24, 0, 0, 0, 0, 0, 0, 0, 4, 7, 35
"/home/nikola/Podaci/projekat-rwa/LinguaChat/linguachat-frontend/src/store/user/languages-native/languages-native.state.ts", "TypeScript", 6, 0, 0, 0, 0, 0, 0, 0, 0, 3, 9
"/home/nikola/Podaci/projekat-rwa/LinguaChat/linguachat-frontend/src/store/user/languages-native/languages-native.types.ts", "TypeScript", 4, 0, 0, 0, 0, 0, 0, 0, 0, 2, 6
"/home/nikola/Podaci/projekat-rwa/LinguaChat/linguachat-frontend/src/store/user/post/user-post.actions.ts", "TypeScript", 71, 0, 0, 0, 0, 0, 0, 0, 6, 17, 94
"/home/nikola/Podaci/projekat-rwa/LinguaChat/linguachat-frontend/src/store/user/post/user-post.effects.ts", "TypeScript", 149, 0, 0, 0, 0, 0, 0, 0, 0, 10, 159
"/home/nikola/Podaci/projekat-rwa/LinguaChat/linguachat-frontend/src/store/user/post/user-post.reducer.ts", "TypeScript", 62, 0, 0, 0, 0, 0, 0, 0, 0, 4, 66
"/home/nikola/Podaci/projekat-rwa/LinguaChat/linguachat-frontend/src/store/user/post/user-post.selector.ts", "TypeScript", 24, 0, 0, 0, 0, 0, 0, 0, 4, 7, 35
"/home/nikola/Podaci/projekat-rwa/LinguaChat/linguachat-frontend/src/store/user/post/user-post.state.ts", "TypeScript", 6, 0, 0, 0, 0, 0, 0, 0, 0, 3, 9
"/home/nikola/Podaci/projekat-rwa/LinguaChat/linguachat-frontend/src/store/user/post/user-post.types.ts", "TypeScript", 8, 0, 0, 0, 0, 0, 0, 0, 0, 3, 11
"/home/nikola/Podaci/projekat-rwa/LinguaChat/linguachat-frontend/src/store/user/user-data/user-data.actions.ts", "TypeScript", 26, 0, 0, 0, 0, 0, 0, 0, 0, 6, 32
"/home/nikola/Podaci/projekat-rwa/LinguaChat/linguachat-frontend/src/store/user/user-data/user-data.effects.ts", "TypeScript", 51, 0, 0, 0, 0, 0, 0, 0, 0, 5, 56
"/home/nikola/Podaci/projekat-rwa/LinguaChat/linguachat-frontend/src/store/user/user-data/user-data.reducer.ts", "TypeScript", 25, 0, 0, 0, 0, 0, 0, 0, 0, 3, 28
"/home/nikola/Podaci/projekat-rwa/LinguaChat/linguachat-frontend/src/store/user/user-data/user-data.selector.ts", "TypeScript", 26, 0, 0, 0, 0, 0, 0, 0, 0, 4, 30
"/home/nikola/Podaci/projekat-rwa/LinguaChat/linguachat-frontend/src/store/user/user-data/user-data.state.ts", "TypeScript", 6, 0, 0, 0, 0, 0, 0, 0, 0, 1, 7
"/home/nikola/Podaci/projekat-rwa/LinguaChat/linguachat-frontend/src/store/user/user-data/user-data.types.ts", "TypeScript", 5, 0, 0, 0, 0, 0, 0, 0, 0, 1, 6
"/home/nikola/Podaci/projekat-rwa/LinguaChat/linguachat-frontend/tailwind.config.js", "JavaScript", 0, 0, 0, 0, 0, 0, 21, 0, 1, 2, 24
"/home/nikola/Podaci/projekat-rwa/LinguaChat/linguachat-frontend/tsconfig.app.json", "JSON", 0, 13, 0, 0, 0, 0, 0, 0, 1, 1, 15
"/home/nikola/Podaci/projekat-rwa/LinguaChat/linguachat-frontend/tsconfig.json", "JSON with Comments", 0, 0, 0, 0, 0, 32, 0, 0, 1, 1, 34
"/home/nikola/Podaci/projekat-rwa/LinguaChat/linguachat-frontend/tsconfig.spec.json", "JSON", 0, 13, 0, 0, 0, 0, 0, 0, 1, 1, 15
"Total", "-", 7613, 15845, 1106, 0, 29, 32, 21, 14, 245, 1487, 26392